ID,State, Name,Password
1,Andhra Pradesh,Aganampudi,ZhSot7SKL5vJSsZA851kkw==
2,Andhra Pradesh,Amakathadu,Gz2KU2YEdf+Yjb/EFGs5Fw==
3,Andhra Pradesh,Annampalli,wHCHJGBGZyTmQnR338a9nA==
4,Andhra Pradesh,Badava,SIa8ivuS1mSeWN8T/0FMVw==
5,Andhra Pradesh,Bandaplli,WosOlhAACxlRJ9Zi5OCPLw==
6,Andhra Pradesh,Bandlapalli,XN+wT+hdSoU78yYoyTGE1Q==
7,Andhra Pradesh,Basapuram,Proqb0KJN4stXpHt9gMKmw==
8,Andhra Pradesh,Bathalapalli,0BqqSY/L2ANYoAE7JTNw9w==
9,Andhra Pradesh,Bellupada,ri40EIWLSRgpVN8+dFvVUg==
10,Andhra Pradesh,Bollapalli,uwX4W8m1qa3JByG/GtkW1g==
11,Andhra Pradesh,Brahmanapalli,eYfwm1Gh82tqEnKnqnxscw==
12,Andhra Pradesh,Buchireddypalem,WxmYS7zCNrJm8px267F8xQ==
13,Andhra Pradesh,Budhanam,szOKn3kgaHOwFLpvfDMuzg==
14,Andhra Pradesh,Chagalmarri,WuFvO+sSuDaNngxE6L4Mjg==
15,Andhra Pradesh,Chapirevula,yYP0M30RDszkq+YTG4s0yQ==
16,Andhra Pradesh,Chilakapalem,KvF/+nT/ykeftwoylejeyw==
17,Andhra Pradesh,Chillakallu,iFwhfTqXi7MNheSNfggTUw==
18,Andhra Pradesh,Chinaganjam,EJb/mvJ5kTvxrpr8Pi0k6w==
19,Andhra Pradesh,Chintalapalem,hr3qDtBFRBDdh1VG2H+zFA==
20,Andhra Pradesh,Chitimiti Chintala,4a0SuiJRapkNpfYqF97VDw==
21,Andhra Pradesh,Cholasamudram,56kNdqMeMpNE/WPixi3UQQ==
22,Andhra Pradesh,Danamaiahgari palli,1xFUlrWCUILWyB8HlJHtNw==
23,Andhra Pradesh,Davuluru,NhxbgA2DTwGcNVUQyxEa5g==
24,Andhra Pradesh,DC PALLI,ApE/Qp7Uhf7LqmQSs9oTcQ==
25,Andhra Pradesh,Dukkavanipalem,98a7W7mQQQyZ9ktHlBOc7Q==
26,Andhra Pradesh,Durgamvaripalli,0VSWSNw8T8AJuIr1CJVzTw==
27,Andhra Pradesh,Eathakota,J6QGEm/t/PI+zLXbttLbOw==
28,Andhra Pradesh,Gadanki,Hh92126TY6ZWwAS9yBRUpA==
29,Andhra Pradesh,Gollaprolu,J8zMsteHcBriutCOHAaWTg==
30,Andhra Pradesh,Gorribanda,j+5gggBAGJiWPvjBmh3H6A==
31,Andhra Pradesh,Goshtani,Fr361ZCLwoUKlh96QjswOg==
32,Andhra Pradesh,Halaharvi,4QsUIxZpmmkmvRjgZCtZlg==
33,Andhra Pradesh,Jellipalli,8CM/DteVzihkWnCtmKloYA==
34,Andhra Pradesh,Jodi Dharampuram,Vfpx7OrlRZ8EGIxXLzIK5Q==
35,Andhra Pradesh,Kalaparru,4UkaGWm+4Zj2XLpDooNd6A==
36,Andhra Pradesh,Kasepalli,8jCzKecFYo7siNujKUMHtg==
37,Andhra Pradesh,Kaza,3DMTNK3hZJuRGyRDzGf3DA==
38,Andhra Pradesh,Keesara,jbC8lExuutLpEslbVxmD0g==
39,Andhra Pradesh,Krishnavaram,09OCcRWbLqSHd3St3W/S0g==
40,Andhra Pradesh,Laxmipuram,kMZBP7Jbat7q9TD6HpwY/g==
41,Andhra Pradesh,Madapam,db0Ol34mEKWiPXSK9Ovrdw==
42,Andhra Pradesh,Mahasamudram,pzpCFDBnIPwEcQDy+URTGg==
43,Andhra Pradesh,Main Toll (Panchvati),4QQopERRWt0w9pFdyPC6oQ==
44,Andhra Pradesh,Marripalem,mcFRVKG0QFvNxQwwMDlopg==
45,Andhra Pradesh,Marur,PjvxqcDP6wJnnRmOXaqlEg==
46,Andhra Pradesh,Medapi,m8+v+pJ1o/huCSUJ29fpbA==
47,Andhra Pradesh,Mekalavaripalli,gUnMcz+SErihebKsvRNkRw==
48,Andhra Pradesh,Millampalli,YHTomLBlJwdVq309+Qd8pA==
49,Andhra Pradesh,Mopidevi ,aWfagE2n5IFTVYCd4Ps1qw==
50,Andhra Pradesh,Mudiveedu,Nt08Sl4XW+mY577aVlP9hg==
51,Andhra Pradesh,Munjuluru,JBqVBEC9d5OFgpu/1UrQ2g==
52,Andhra Pradesh,Nannur,u0H6ZbCkNoPEPfsTgUlUcA==
53,Andhra Pradesh,Nathavalasa/ Vizianagaram,w8+JvVYxmGaXQdzwGRU4jg==
54,Andhra Pradesh,Palempalli,Y3z34bFwfNHEBDXpw85LpQ==
55,Andhra Pradesh,Panchvati,H6voJOva09fy1fA6K08jHQ==
56,Andhra Pradesh,Pandillapalli,SaQMjaRkohuqcrBl4M85Cg==
57,Andhra Pradesh,Panthangi,YSZxlhVrFSMlLc4D92B6JA==
58,Andhra Pradesh,Patancheru (Prograssive Construction Toll) (MoRTH),GICMcFz7+xiUZQxChDL2xg==
59,Andhra Pradesh,Pottipadu,LYLlnpOLCpnqqrgNBLuTxQ==
60,Andhra Pradesh,Pullur,Fh53Ut6rv7rXQfnKTT0gSQ==
61,Andhra Pradesh,Rapur,kmeh+6FSANHl1QNAN8nQRg==
62,Andhra Pradesh,Raviguntapalli,Wm/InMapC9BNqZHKr13Owg==
63,Andhra Pradesh,Secondary Toll (Gosthani Gate /Sheela Nagar),Ps+XfDQrkVXs5uAJGyPixQ==
64,Andhra Pradesh,Shakhapur,GVS4+Iudwvl3OJ3Kmys6Lw==
65,Andhra Pradesh,Singarenipalli,fGA909ZAp/XvESvbQwxL6w==
66,Andhra Pradesh,Sullurpet,9PbGxbfFq9w7PZEyLGJQJA==
67,Andhra Pradesh,Sunambatti (Musunuru),ztnXkIQnzMW5GMqoFK0JAg==
68,Andhra Pradesh,Tangatur,0WUEnMhhhFCjKvV3wghYTQ==
69,Andhra Pradesh,Thenepalli,D/nlap+nhXIM1DhC6sF05A==
70,Andhra Pradesh,Unguturu,b7fVtMtC7cgJTsn33dmh1Q==
71,Andhra Pradesh,Vaddupalli,ztCUhjyN4TlTcnEhU2dm6g==
72,Andhra Pradesh,Veeravalli,RxeUtyCUSSSOLRDqp34rbg==
73,Andhra Pradesh,Vempadu,Hn1s6rdY8y7QdU2F6B3yvQ==
74,Andhra Pradesh,Venkatachalam (Old Nellore),HLeZaYKi5NgxH74qJKKGKw==
75,Andhra Pradesh,Yerradoddi,IVsjPztCGgE3SMFtnFpWjQ==
76,Assam,Balachera,UJd/yzGwK36VhFJ4JKAIIw==
77,Assam,Daboka,USCncMGP6iRG5Bqeka/tWg==
78,Assam,Dahalapara,TiRy3vK2Pi2VB329UhkSHA==
79,Assam,Galia,QiCHkAqcfST5DWBfiaKPTQ==
80,Assam,Gangadhar Bridge (MoRTH),2zFCeWoJ86Y/s4q+BA/dkg==
81,Assam,Kalia Bhomora Bridge (MoRTH),PynPQfueVIDZdVz2Mqj/nQ==
82,Assam,Madanpur,b3fNJIN6O8NXPK/9tjjEMA==
83,Assam,Manderdisa,OR1a0/nxjBuezYcgF/2QzA==
84,Assam,Mikirati Hawgaon,Fpx80T7kHEOYdkQnZiDjbw==
85,Assam,Nazira Khat,1jaqqOKyBdCdxplxUzzCHw==
86,Assam,Patgaon,DPpGbMWwE7mrI6hrDeubzQ==
87,Assam,Raha(Saragaon),xtAWutkVdHPN8arFETepVQ==
88,Bihar,Asanpur,bqHUjeSwQOYjpMZxYhPFhA==
89,Bihar,Babhniyawan,/Z6934XQaUikC9nPfEbOzg==
90,Bihar,Balgudar,SAKyfbc0v/RITr0GPTWlpQ==
91,Bihar,Barsoni,9Xw51DW4QBcZUlSPirp8rw==
92,Bihar,Bhagalpur,knN/l0pyUkOKjNav2R62oA==
93,Bihar,Bishunpurwa,LqY2B6TvqZySc02p5aRLsA==
94,Bihar,Chainwa (Chapraitha),t03QhZSnOc6p/s5X9Zm6nQ==
95,Bihar,Daffi,r8c+0xAu0YJ48mesQOLo1w==
96,Bihar,Dalsagar ,4BbyEvesCLoeZtCVjhPFUA==
97,Bihar,Deederganj,1T1IOD4pAYg46hR99kpB0A==
98,Bihar,Govindpur (Murli),VrA6qJqtMNnjuJKlNYkXGg==
99,Bihar,Hariabara,7KA5cNxiyrv1IV5E0Bct0Q==
100,Bihar,Karigawan ,KLVPo3MtwYTnRZazRaRN6w==
101,Bihar,Khaikhat,PHbZedRBdf8EGhk/oGyUHA==
102,Bihar,Kharik,wbzfI1miuv+AsbUfSLHJ2g==
103,Bihar,Kulhariya ,tf1E/paZ0fvGv8mVtZ9AfA==
104,Bihar,Mahanth Maniyari,xyC3vY15IvkKRM2N4QghvQ==
105,Bihar,Maithi,FfPfE0QfvGOOJssg7E5TmA==
106,Bihar,Maranga,A8Jvx0o2LJnPQCHmbQ1FuA==
107,Bihar,Mohania,GGCLXlvidXONev3sIh27vA==
108,Bihar,Navasari,/+e5hkXQoBmkv0H1W1JS0A==
109,Bihar,Parsoni Khem,s7d/CKo/1MYi5WrG52XZAQ==
110,Bihar,Pokhraira,2ulCmlPPgh80tZDdRvH37w==
111,Bihar,Raje(Old Naraur),hzOi8amQ33WwriUHaEgF8Q==
112,Bihar,Runni,WRYnc3O+ogIPFt9QL49KFQ==
113,Bihar,Saidpur Patedha,Lj+h256mbGM4MzYWpKXOdQ==
114,Bihar,Sasaram,Tzkz7QDs7I1tL1Lia/HvmQ==
115,Bihar,Saukala,iFV+4W5mJZT9/INxwTVokA==
116,Bihar,Shahpur,uGMeubPXV+rG9HyfGLk1wg==
117,Bihar,Thawe (Brindavan),OtEby0VXGC/ClI+50KE3MQ==
118,Bihar,Toda,M89MF2NAbRmFl3pYBa7oFw==
119,Chandigarh,Jia Bridge (MoRTH),98he+v2u1LRm2CpB0FsP4g==
120,Chhattisgarh,Badayiguda,qAt7Gj5kx5eI6wJ3OjJ1OA==
121,Chhattisgarh,Bhojpuri,JMTA884nJZSBn4AKYB5j1g==
122,Chhattisgarh,Chhuhipali ,sm29VJsycVmNjDp1mUMuUw==
123,Chhattisgarh,Chotiya,gk3SGW3OaZKTn74Ikde3Qg==
124,Chhattisgarh,Dhank,3D+C5h0nkH2WE7SyHcTvHg==
125,Chhattisgarh,Durg Bypass (Dhamdanaka),pBcv3oxgKFvoMpQBo3wbvg==
126,Chhattisgarh,Jagtara,N8g4Z8EUcu5sKE3F9BY6oQ==
127,Chhattisgarh,Kharun (MoRTH),hUkjbwvR1VR/MnNLWYZ28Q==
128,Chhattisgarh,Kosa Nala (MoRTH),VUZH0HuK55Mma5kkEAA1wA==
129,Chhattisgarh,KUMHARI,zWe5V8eWlgL9qrwiXIHXhA==
130,Chhattisgarh,Mandir Hasaud,gXiclski49tYOCc0jsXBQQ==
131,Chhattisgarh,Mashora,OetyHvaS/NK1TUcNaHc/XA==
132,Chhattisgarh,Mudhipar,9/DMRouYWdeT0xIY7JvRsA==
133,Chhattisgarh,Nandghat Bridge (MoRTH),2dO8gnyc4ON/FaUqO7WDrQ==
134,Chhattisgarh,Pachira,pskt1NMwt30UNL2f+a0FBw==
135,Chhattisgarh,Paraghat,YVP9fK0tMShWZ+/86bE9OQ==
136,Chhattisgarh,Sundar Nagar,1nC5m6+h4XFD913wAeEsrg==
137,Chhattisgarh,Tarpongi,wT/nOczWVhlbBZbQZKMYow==
138,Chhattisgarh,Thakurtola (End of Durg Bypass),Gn/jKfUmgIgiBDs3E3q8zw==
139,Delhi,Badarpur Elevated,7T9OmhQu9nTlP60d/cFn3w==
140,Delhi,Bhagan,i6RSdE/Qkn8rtyd/pIdCRw==
141,Delhi,Chhajju Nagar(EPE),gYB1Hbh2dJM+H2sDtEtDdg==
142,Delhi,Gadpuri,6BRqbi+Dc6D0UypX19Tv+Q==
143,Delhi,Ghamroj,koL7Kne4v+Y4fhQnrYIOIg==
144,Delhi,IGI Airport,r4Reb2FByG2hFgpqv5g2Qw==
145,Delhi,Karman,lx02h4wq8aUf8V8fn3GJHA==
146,Delhi,Kathuwas,NbLhDfX78m4375Lhx2+I5Q==
147,Delhi,Kherki Daula,/94aGRG33ow8G7bUIGWUaA==
148,Delhi,Rasoolpur Sikrod,LoSBblZIl4qUtos9FK2ofw==
149,Delhi,Sirohi Bahali,6rfDtfDQrkApAcZwg2mX9w==
150,Gujarat,Ahmedabad,km0GhLiRicFIZEHQG+728Q==
151,Gujarat,Anand,xvliLvSTuPzcfSF1TJiSCA==
152,Gujarat,Bagodara (MoRTH),M5ISOUo0b7IybxJ8rPcJ6g==
153,Gujarat,Bamanbore (MoRTH),I7uYg+1s38nbogNKTG3m/w==
154,Gujarat,Bhadbhid,WV71JhRPdvJ5MxyWVMXGbw==
155,Gujarat,Bhagwada,dqZhd26LtKMOkyGnHpm1bA==
156,Gujarat,Bhalgam (Belgaum),cqqKMk4xq2LMLT1kQbJMTw==
157,Gujarat,BharthanKarjan,XhaYdZBXk6bXmqBw3NFxWA==
158,Gujarat,Bharudi,s/qCFzlofFjTXOg9wRPavQ==
159,Gujarat,Bhatia,uusKoE4GJ7UZX2gaGPThCw==
160,Gujarat,Bhatwada (Godhra),5EVwRcXA4MebdXUPZ+z79A==
161,Gujarat,Bhiladi,zDxC0GvuRHoZVbe5WKJP3A==
162,Gujarat,Bhordu,dkJNY3O6jJt8FKCYw+DB4Q==
163,Gujarat,Boriach,NZY7S5cw36EfTOwaZPDlzA==
164,Gujarat,Charoti,xnHu+YWWZ76kMGMqkFfyNw==
165,Gujarat,Choryasi,qpvRfThPV3TOgGvhv4bDCQ==
166,Gujarat,Dari,QncnUSm2YlVaJsTffyrgxA==
167,Gujarat,Dumiyani,hpmtJeAflcruLMKB/2vXqg==
168,Gujarat,Gadoi,DFdfeSVvGu6JV2D+WPPkIA==
169,Gujarat,Gorsar,NOo2bT/BV9NvXtP7OCA6Ag==
170,Gujarat,Kathpur,iIEflyb7+9MobRLZl8K4bA==
171,Gujarat,Khaniwade,mdpk33+22aazlDWApgpEFQ==
172,Gujarat,Khemana,z0eXpRVTkZWa1G5tGesBdg==
173,Gujarat,Kobadi,jIDoWu0BEQ5CiPAw/m28gQ==
174,Gujarat,Kuchadi,fCPm8yNhKP/y9klx/BaKPA==
175,Gujarat,Limdi,jyrQ3QYFTzyvW+ydx/J63w==
176,Gujarat,Makhel,r/FNqBGM4TZC41UZ1nCsTw==
177,Gujarat,Mandal (Vyara),nrOjVHFdff/+Td6ufQQ2og==
178,Gujarat,Mandava,2CDA6UELeDQ4me9X0r6UTA==
179,Gujarat,Mokha,y/jYQcnE4tOS2oA5fDZ56Q==
180,Gujarat,Nadiad,6QYwWNl5E8BQTIGInx0NoQ==
181,Gujarat,Nageshri,yIyYqAD7fMWGyXMCBjFX9Q==
182,Gujarat,Okhamadi,CWGm7ljUs/PCW0Nrw6qwQg==
183,Gujarat,Panthwada,KpkCljr71fV8G56p9zAOow==
184,Gujarat,Pithadiya,RsR2ZE8+3F0AXE3hg5r9KA==
185,Gujarat,Pithai,sss5cIRMCQadCO+80OoDdQ==
186,Gujarat,Radhvanaj (Kheda),pf3pvMklVcdPS1Jk4+o1Tg==
187,Gujarat,Ring Raod,eLNgoJWv+60cgEv6A+Plsg==
188,Gujarat,Samakhiyali,J6R4/eyy1h010ozS52/uiQ==
189,Gujarat,Surajbari,UbEiD7mnzn3rbFpDjqiN8g==
190,Gujarat,Undavariya/ Sirohi,SlC61HoYZbCR4nLCLI71GA==
191,Gujarat,Vadodara,unSfLgLLvfVNj4gPXRyvXg==
192,Gujarat,Vadodra,T53edhm4PwiJ7GJ4/SE/cg==
193,Gujarat,Vaghasia,I9UJb1LekT3tH3iXUQ2gjg==
194,Gujarat,Vanana,XqtKUzkLJl5Bko9D6gSbew==
195,Gujarat,Vantada,Yv4pi847G4aryGM71UDHXw==
196,Gujarat,Varahi,ETUdhDoQCAfmj9ZM0f0hZw==
197,Gujarat,Vasad,GEGab3LZcTlp3dlFCaQXeg==
198,Gujarat,Vavadikhurd,eTMce0IVzyDLio9sNz1dPQ==
199,Haryana,Amrawali Khera,I5jme9oRU4TcajhQj3URhg==
200,Haryana,Badopatti,T8OALk462h9DOPEtk7BS1Q==
201,Haryana,Bahri,TfOefJk6ha7Lz7cBwl59ew==
202,Haryana,Bainsi,4240wyuINW3LplT6qfN72Q==
203,Haryana,Bamla,sm6D3kvWRGBV7CmNRrQqDQ==
204,Haryana,Bass,MZGg6J5iq4AdODPYBniFog==
205,Haryana,Bhago Majra,rOnvpxSN0bB+zF+JyXkcbg==
206,Haryana,Bhalki,/A81Au/eS/RXSnXJO8DTJA==
207,Haryana,Bhavdeen,ashDhsdBYRv9AF685x+2MQ==
208,Haryana,Bisawas,A4u3YYAKQpcskOyO4HhluA==
209,Haryana,Buchawas,GFB+414UP/4ZumjZ1zgKHg==
210,Haryana,Chandlana,GHfesCKvX6qfgouWZBMaXA==
211,Haryana,Chaudhriwas,nQCn6onvN0d6JFzQLogpzg==
212,Haryana,Chhara,at5NnD1gKhiq8ujvPCi/LA==
213,Haryana,Dadri,+mjciaVsNbp5gObFSdILtA==
214,Haryana,Dahar,RUVKXBDjOtGaGcO/iUjfzg==
215,Haryana,Dighal,tT5umQvMx3CNN2vIi3Xfzw==
216,Haryana,Gangaycha Jatt,xDPA6fGEQSwNvBfwmYLo/Q==
217,Haryana,Gharaunda (Karnal),WI06B7wrtK7L/czvxD0VGA==
218,Haryana,Ghata Shamsabad ,3ZI6oBBgTKQwCiH47CFLgw==
219,Haryana,Ghulal,NSQ2hUGgsiZXCzcgfFXJkQ==
220,Haryana,Hilalpur ,uvAXQ1ZOF/dhO7PSTLztLA==
221,Haryana,Jalouli,IIBvFTaPPpC5RazT1GxNJw==
222,Haryana,Jat Guwana,3WutHOG6H6eFgaYAVfmCRg==
223,Haryana,Jharothi,7TAQFZEI8UxMaOb7AM3niw==
224,Haryana,Kalinger ,Y1peNekJ07m8l2m6z+8kYQ==
225,Haryana,Khalilpur ,lH8nWMiHqQFO8MdcbBH3jQ==
226,Haryana,Kharkhra,kFOrJZUYZ0ooesIg9SjUfQ==
227,Haryana,Khatkar,sdSnLDqqojBVI24BVI/zIw==
228,Haryana,Kherari,NiAKgk1WF0IfA4Et6ecljg==
229,Haryana,Kheri Sharaf Ali,FsgT3ZmPd8kNrWnZc7WQQw==
230,Haryana,Khuian Malkan,byBI01FPWiQGsr5zMN1/xA==
231,Haryana,Kilazafargarh,z1J+Nc+XjV1pG2s5yEsWOQ==
232,Haryana,Kitlana,ogTC+e+TPYvyndK14Pxu5g==
233,Haryana,Landhari,XIyWOABv/Ja/4X0ouxJnRA==
234,Haryana,Ludana,49IAG0IjWJBhnU299Ral3g==
235,Haryana,Madina Korsan,zjmxuK1FdoyesFLrD9CwkQ==
236,Haryana,Makrauli Kalan,GFLywQsySELiGCSFiAhjXg==
237,Haryana,Mohna,XbEsxt1hkAZjcUPQYPtHrw==
238,Haryana,Morwala,EpBiTyn3KnXQ7DEj12IBqA==
239,Haryana,Narwana,VKAqkZwrRIVjkzr9uNlISQ==
240,Haryana,Pabnawa,T/Af8QfLpS5aPsnE7a3ULA==
241,Haryana,Panipat Elevated,jWqZ5jCSZAdlIBHkJTRyKw==
242,Haryana,Peont,0VN+VgFuk4dzpPtOKQfmIQ==
243,Haryana,Pinan ,6KLFPUD8lu4Kj9b4oPT2Mg==
244,Haryana,Ramayana,X3vlPq50yRD6hfnFNRo3bw==
245,Haryana,Rohad,MssypvoEd1pyLuQR+XXWsw==
246,Haryana,Saini Majra,2CFj685iJ8b1gfimcnxgGg==
247,Haryana,Sambhu(Ghaggar),cx0DTuCXZhbQhXfQk+sobw==
248,Haryana,Sheetal ,QfW5z9S/Qmbo2Fr6tou9jw==
249,Haryana,Thana,XDKUf1fQboBlnRFExE/Feg==
250,Himachal Pradesh,Dolhu Nallah (Raison),T6DqLyURW6LClQdYB7OquQ==
251,Himachal Pradesh,Sanwara,cxhhowWPxpxKwh9foj4fww==
252,Himachal Pradesh,Takoli ,KIXFEWLTARKrhREH86TaLw==
253,Jammu and Kashmir,Bann,SYhCKS8AneLjV9cVcOLctA==
254,Jammu and Kashmir,Kaichachkoot,YfMJ9pe/xNayk5bkcGvG4Q==
255,Jammu and Kashmir,Lakhanpur/ Rajbagh,BVyV5HTzEhgEjhYfNGHN1w==
256,Jammu and Kashmir,Lamber,oDXziRTFTF4sjInbf0g4kA==
257,Jammu and Kashmir,Mada,o0VwLBKpu/zYVupkYuaBSg==
258,Jammu and Kashmir,Nashri,coSUtfTzFvmpaaSPPN/wsw==
259,Jammu and Kashmir,Thandikhui,XvA1CzoZiK2/283Kkaquiw==
260,Jammu and Kashmir,Ujroo,iomvlxyCujB+6T99SzX3vQ==
261,Jharkhand,Edalhatu,LUX/GoSMxSLeyJIRtlQW6g==
262,Jharkhand,Ghanghri,3HBpJ9jSKWONmMV/e99i9Q==
263,Jharkhand,Hazaribag,d+ZoYIDE9eOniaIWrhSkNQ==
264,Jharkhand,Hesmi (Mandar),4A6ymbkDSq32dbYMQciapA==
265,Jharkhand,Hesmi (Mandar),6B6+gAnrlGixkpNLKr7ryA==
266,Jharkhand,Kokpara,b94PQCfZz+NtQLndjUlgMQ==
267,Jharkhand,Kothiya,JOLJsHKy+GVW6xFk58DIVw==
268,Jharkhand,Nagwan ,rXmadAFsTyaXbQaEEX3L0A==
269,Jharkhand,Pundag,UGesqtN2H/iejKiF5RLaPw==
270,Jharkhand,Pupunki,jwI0itapKBE4jrgz8L3Ksg==
271,Jharkhand,Putru,nB87QzMVNgm5fFVdHW9p9g==
272,Jharkhand,Rasoiya Dhamna,EbV9wFbu3hyuIAqz5ErqoA==
273,Jharkhand,Sosokhurd,7/tvaI/YfipeEm9blkWZsg==
274,Jharkhand,Tand Balidih,7x5mQUqkWv+SYyAaH2qyMQ==
275,Karnataka,Attibele (BETPL),0euCQefL6O3jnpt9SrvxHA==
276,Karnataka,Bagepalli,OOmryBs7VV5cL+WtjtKktA==
277,Karnataka,Bankapur,Sdusmse+bq8NFUh8DKU5vg==
278,Karnataka,Bankapur,I2rJb8aLAlL8RvbCRCn1Jg==
279,Karnataka,Belekeri,0RsfEqZKkDJwuq/7ZaRPXA==
280,Karnataka,Brahamarakotlu,fRXuUKtfHyYMlVzry7TwWA==
281,Karnataka,Chalageri,474pOH5mUuwGX5Egf7gXBA==
282,Karnataka,Doddakarenahalli (Neelmangala ),f3WCuppmyvEf1rRBJTCx9A==
283,Karnataka,Elevated Section/ Electronic City,EiQ4iXF2EtMpTVPqa524YA==
284,Karnataka,Gabbur (MoRTH),tPfmCMtuSL8k+ngVOWha+Q==
285,Karnataka,Gaddurur (Nangli),bboQvllLgPESzDVksKBuCA==
286,Karnataka,Guilalu,gPZIRJkhVO+4oTA+4vjkcQ==
287,Karnataka,Gundmi,66RkM9zy4BXHJ4oxMA6L7A==
288,Karnataka,Halligudi,NU7Qd7XPkWDsIzYOr00Kgw==
289,Karnataka,Harval,cRyWBetVxq0VCdEcgsgV5A==
290,Karnataka,Hattargi,qhpMprHkTbTt1Jvb+JkiXA==
291,Karnataka,Hazamady,Fn+QAY2fxfDZX4BJ8nogBA==
292,Karnataka,Hebbalu,EFx3DecF7Xqu8cqQwk3wrg==
293,Karnataka,Hejamadi,vrTXypnTGsVwxq1d14qbVQ==
294,Karnataka,Hirebagewadi,b04wOr6QGMrloKcocA3viA==
295,Karnataka,Hirehalli,2e8aantxxtTIXdhbGuLBCw==
296,Karnataka,Hitnal,Nlnb2CYLNkY/S8K8+foEoA==
297,Karnataka,Holegadde,vhsjfT8OTLyzAyQXzXx72w==
298,Karnataka,Hoskote,bAjtWZ32hMnD7YeuI/jLQg==
299,Karnataka,JAJARAKALLU ,40DDEclNDKwiBcDvBxDbcw==
300,Karnataka,K N Hundy,0yR2lQ/yu6v27UQHuhyxlA==
301,Karnataka,Kamkole,ckebescFgs7A9oZ+6NuUAA==
302,Karnataka,Kananakatte ,6ykn+wtccShFQrJYwmIrBg==
303,Karnataka,Kannegala,b0gw45XBLe7lGTyYt0kHgQ==
304,Karnataka,Kannolli,1s6nIju84r6gBR98J/P/PA==
305,Karnataka,Karabylu (Bellur Cross),bAc1gGeSm6JbmzVTmOzXcQ==
306,Karnataka,Karjeevanhalli,D29EyAjLRKTGocJTcTdnuQ==
307,Karnataka,Kasaba (Bijapur),uTQU+Ow7Ca5ybBysJFO9vw==
308,Karnataka,Kaythsandra/Tumkur/Chokkanahalli,XFVvEZWFNAnqV7lHRB94qQ==
309,Karnataka,Kirisave,soBUWyeqgzVkRH6C9nntZw==
310,Karnataka,Kognoli,psYGoH/C4Xq1X5/7NXQ/cA==
311,Karnataka,Mangalgi,HmSefZ1I25qvedaWexTHvA==
312,Karnataka,Mulbagal,Yg58PuGUVrHNqjpuuDNZZQ==
313,Karnataka,Nagarhalla,csKJrNNgGcvBhkP1+M6a3g==
314,Karnataka,Nalawadi,CdSTNSHIOhpRXobu1Cc61g==
315,Karnataka,Narendra (MoRTH),gWEP6qKIx6IPYDSB1wA+EQ==
316,Karnataka,Navayuga Devanahalli / Sadahalli / Pujanahalli,8anEkpI9XobsFkYfA4g1aA==
317,Karnataka,Neelamangala - Tumkur /Kulumepalya,Hev8by0sEAA7TOG/bykMRQ==
318,Karnataka,Rajatadripura ,My5+UBzWiuiKW+Ojv2bUgQ==
319,Karnataka,Shahapur,tmsRp5g+XFBrE997LY3cdw==
320,Karnataka,Shanthigrama,LV8P0ENy+RkUYTsg6YYUvw==
321,Karnataka,Shirur,853DGcybPJrVhk6q3cRH2w==
322,Karnataka,Surathkal,Vy/cye4LoVrAHZsxZbXaZA==
323,Karnataka,Talapady,cs50Ax1f7ehnvYcz2sRhxw==
324,Karnataka,Thimmalapura,BP07Hqej//3GkTJV/g8TsA==
325,Karnataka,Towards Bengaluru,+S5ROTEgl/2SfZmjiMbnTg==
326,Karnataka,Towards Neelmangla,XaUUrp3d/WBrrkN5uqhElw==
327,Karnataka,Vanagari,elOhUEpTFh9ieainLc4B2Q==
328,Karnataka,Yeddore,dEp/J9GW5K8Ic3sEewWWqw==
329,Kerala,Akkulam (MoRTH),vnsB1znWQa5L412VruAVBg==
330,Kerala,Chullimada Hamlet (Pampampallam),5rFx/lGE9EXtfaxNgWInSw==
331,Kerala,Kollam,dk1lp2rXrY7WtfJSSgyfGg==
332,Kerala,Kumbalam,5HJyvFyT4cXoicz2Rjs+Jw==
333,Kerala,Kundannur (MoRTH),UFcPbn/XbTfDT+4ObZWmBw==
334,Kerala,Paliyekkara,6JPPNWF32osB06xtT2TGvA==
335,Kerala,Panniyankara ,mL22CYnlUHYRA4ukogFzqw==
336,Kerala,Ponnarimangalam,YoJUNFRoNrbyxsWiRYwufA==
337,Kerala,Thiruvallam,ZUCyvkIvWS7v22fdZ9VYsQ==
338,Kerala,Varapuzha Bridge (MoRTH),KaGe0Vv0r3fDBXxUQJUzIQ==
339,Madhya Pradesh,Allonia,sxTl6W8uLj7VALgGodmI3A==
340,Madhya Pradesh,Ashoka DSC Katni bypass (MoRTH),UQGliVAYQs5RsSV5s3wDqg==
341,Madhya Pradesh,Bagwada,dT55TUKTtsEpZ9KqO+f5Ow==
342,Madhya Pradesh,Bakoli,WVjNsnBZ7SMutm8oxyf22g==
343,Madhya Pradesh,Barahi (MoRTH),tBMD88zu61msv4Om/uMgXw==
344,Madhya Pradesh,Baretha (MoRTH),pOKa0dU9bGfB3WjBHmJzTw==
345,Madhya Pradesh,Bela,91GnrJg/6YDaJJKbNCt8eg==
346,Madhya Pradesh,Boharipar (Khursi),QL248eF+YJJXnIU4Frjd6A==
347,Madhya Pradesh,Borkhedi (Nagpur ByPass),pxx8hDJUKTws6YZyqb2v5w==
348,Madhya Pradesh,Chapra (TP I),WShwtebbm98CPx4sC9Xi8Q==
349,Madhya Pradesh,Chikhalikala,z+uDA8KWFdLQM/NUt0ABkw==
350,Madhya Pradesh,Chitora,9Byjs0Vtv+3DXED3ut5o9Q==
351,Madhya Pradesh,Choundha,QhZqUVh0wEgr5N3Aagfefg==
352,Madhya Pradesh,Dagrai,aOZ7Oise89LuosL8CDTgww==
353,Madhya Pradesh,Daroda,CAU0tnKav1XvjMvSwa1obw==
354,Madhya Pradesh,Dattigaon,hI+9iwTgz2/btmHYMQWjhg==
355,Madhya Pradesh,Devgaon,64RD+VzyvO8Mwoh6iXA22Q==
356,Madhya Pradesh,Fulara,XAIJ0w1R1RiFEo5cCb8o3A==
357,Madhya Pradesh,Goragaon ,eQav047tOYbEqfmvjsryMA==
358,Madhya Pradesh,Guna Bypass,n48rTKHbSgG63HSruohmIQ==
359,Madhya Pradesh,Gwalior Bypass (Mehra),isBqn+ETojagE2GpWQx/8g==
360,Madhya Pradesh,Harshili,X+7bH82n/+b5igy7f9A88A==
361,Madhya Pradesh,Indore Dewas (Indore Bypass),SkY+wZ0wOUL1R+NMv33dTw==
362,Madhya Pradesh,Indore Dewas (Indore side),2Lu5wNuIimoRac+Dj8mQMw==
363,Madhya Pradesh,Jaitpur,ddylHKOE3ZmFkfYko1ikAQ==
364,Madhya Pradesh,Jajau (Old Baretha),zJFlvca+C99V2qgM5ynp8w==
365,Madhya Pradesh,Jogipura,/Cq2XxqoqcQr6ALptutTMA==
366,Madhya Pradesh,Joharia shaikh,5IBGwQOAbaKNpMkYkIYmTw==
367,Madhya Pradesh,Jungawani,vShyJEHRCasxkAAWYHxlgA==
368,Madhya Pradesh,Kachnaria,nWhFsF4Q5Kpi0MV3vYKnOw==
369,Madhya Pradesh,Kelwad,BrF4LJtppWEVVqfdeihFmA==
370,Madhya Pradesh,Khadda,tkPoQZjKjmSTARleeL+iCA==
371,Madhya Pradesh,Khalghat (Indore - Khalghat),h9MydGPTV6JJFvEHWR2DCQ==
372,Madhya Pradesh,"Khalghat -MP/Maharashtra Border(Sendhwa, Jamli)",WYe/244tJqOsnY86l7EKsg==
373,Madhya Pradesh,Khambara,Lpim7WGSu+hV7OdJz6RP+g==
374,Madhya Pradesh,Khawasa FP,8OG5RQlpVDeaVeGrVqm48A==
375,Madhya Pradesh,Kherwasani,2/5kR/OSRNs9nYAH6KjtbQ==
376,Madhya Pradesh,Khiriya,eepSi40N1MYTyPn3N/CwVw==
377,Madhya Pradesh,Koshta (MoRTH),IsWtsKK2vU/LHHWi50rs0Q==
378,Madhya Pradesh,Luhari,6ZtuzlmHPSljr+IOlc30hQ==
379,Madhya Pradesh,Madai,IfGO69jpox4xM9tYQ4hWtQ==
380,Madhya Pradesh,Majhgawan,B8HjQppgKLdILho46n0MUg==
381,Madhya Pradesh,Malthone,fNfb2nkARlwJz8TiJTZwXw==
382,Madhya Pradesh,Mandwara,8mRBhIBwNTJfUZLYN/201A==
383,Madhya Pradesh,Mansar (Kamptee - Kanhan Bypass)/ Tekadi,n/iDmxkcGy94RKVh240qng==
384,Madhya Pradesh,Mauhari,xQr5hjKF8rGLamPZxSBqgg==
385,Madhya Pradesh,Methwada,FNBa6R8O34mRq1/IN6YfSg==
386,Madhya Pradesh,Milanpur,uIHlMqmI8p0URpfpdhQKSg==
387,Madhya Pradesh,Mohtara,tTxH4Q9dAU9ee8RQEB1iNg==
388,Madhya Pradesh,Mud kheda,fs15Jwbqw6tedyRQHf28xg==
389,Madhya Pradesh,Mungwari,jgMKPPH8ZeBxvkIdUFAyeA==
390,Madhya Pradesh,Newli,3a8XX7rLzm5xNYk5WC1Gtw==
391,Madhya Pradesh,Odhaki Paipkhar,2G8p3mSJRoyqhnmknwWApw==
392,Madhya Pradesh,Pachwara,J1XOHPtNAHxby7xMdo6XBw==
393,Madhya Pradesh,Pagara,h6QXFuGbGuk5sodDW1a9Vw==
394,Madhya Pradesh,Palhan ,7lXzBh5F25kb4CNAPQEKDA==
395,Madhya Pradesh,Pandutala,7G2Y2gfTUkw6eF/U9JyYpw==
396,Madhya Pradesh,Panihaar,w68vU4lxCrCU58Nayp24iA==
397,Madhya Pradesh,Para,fwaf+4+VgFSb6Y0m1bcTdQ==
398,Madhya Pradesh,Parvati Bridge (MoRTH),NnsueEBuv4U/QONvPoz6wA==
399,Madhya Pradesh,Patanswangi,+tjai41wIEiREytiJ3OQCQ==
400,Madhya Pradesh,Patariya Goyal,ytW0aDtHRnmmh3ejnh/YXA==
401,Madhya Pradesh,Pathroundi,7mkSB9IZ3A5Ofh9Zmn/ckA==
402,Madhya Pradesh,Purankhedi,+XPg8MqdsP/1iYORTm9ogg==
403,Madhya Pradesh,Rati Rampura ,7AuS4Bt/zaEiZmpP4GDk7w==
404,Madhya Pradesh,Rojwas(TP II),1+5kX/PJQx3QbxGbWkVJvg==
405,Madhya Pradesh,Saliwada,mWx1s26BhdXkv+1ZZvEHfw==
406,Madhya Pradesh,Sarasdol,y7Fvef4jdoSb7PErziA3dA==
407,Madhya Pradesh,Sehatganj,YADdX+JwaG7+WYr4c4C6eA==
408,Madhya Pradesh,Sendurwafa,EXVRNEJmvJLsFnlLRM8C4g==
409,Madhya Pradesh,Shahdol (Dhuwar ),v5LXm5XCWCtD/E39o89aQg==
410,Madhya Pradesh,Shahpura,HLP6fQ+XfwM9F76czajNew==
411,Madhya Pradesh,Sonkacch,7AiAjr3CzG/is/4KrmRVYg==
412,Madhya Pradesh,Sonvarsaa,WPA/VMBBPufN2me9/Q0HUw==
413,Madhya Pradesh,Sonvay (Indore - Khalghat),Y0WQEYpBOShBLe6yl4iZLw==
414,Madhya Pradesh,Talen (Mirzapur),UK+H+NV/ESq4lbfadwlFeA==
415,Madhya Pradesh,Titarpani,VspvGA3iqbimDdsp6ix0tg==
416,Madhya Pradesh,Ujara,FP2szKX3UgqzYQllVFx3/g==
417,Madhya Pradesh,Vishankheda,OkBPgVNwM1r587dIou3IwQ==
418,Maharashtra,Anankdhal ,Fyi96rEhKfUgh7Si4/K0Uw==
419,Maharashtra,Anewadi,CjFIhKaRhfWUkQDlVorl1g==
420,Maharashtra,Arjunali,kHRTpDlueIUjA2WSmIfo4A==
421,Maharashtra,Ashiv,SHM3bIhgLfpTzIN9ZUgNGQ==
422,Maharashtra,Badewadi,mGleRMYR6+kGV2fvOFKfjQ==
423,Maharashtra,Baswant (Pimplegaon),GAELpIrVEI27x9ywJQ4Tww==
424,Maharashtra,Bhamb,I3EVerPE9TeFFcJkD0DbJA==
425,Maharashtra,Bhokarwadi Malewadi,TxXgyjcOuDOptEfFuognww==
426,Maharashtra,Borgaon,cQPXfoWWowd1uhnyFTwZkw==
427,Maharashtra,Chachadgaon,lW48o2OJ48YuH4mLlWcOEQ==
428,Maharashtra,Chalakwadi,GDZ/AHchlUY5ezgFzS4kRQ==
429,Maharashtra,Chandloi/ Rajgurunagar (MoRTH),II+kPasRAcwn071Lu7i8og==
430,Maharashtra,Chandwad,zYBmVjhUbFGmi+MhNySykw==
431,Maharashtra,Dhoki,q2ubgsDR6nh3f3N69hKgww==
432,Maharashtra,Dhumka Tondgaon,cl/qPRWxsuBm3oYMZHfXGw==
433,Maharashtra,Dumberwadi,ppZT0BFsy8t82DVWN8/mpg==
434,Maharashtra,Fekri (MoRTH),LQ+KVMpbPEdsyNnZL5WBSA==
435,Maharashtra,Ghoti,3mCWim9Bgk/WRRWFSI2fGw==
436,Maharashtra,Gondkhairi ( Kondhali ),XxFTAbag4egTTaLSFklqBw==
437,Maharashtra,Haladgaon,P/5j01QNjzX6ll1roijgYg==
438,Maharashtra,Hatnoor,4ukE1eQKy9ZWRweK2KjTTQ==
439,Maharashtra,Hivargaon Pavsa,5aGbPQgeAzgcDupXRdEOGQ==
440,Maharashtra,Husnapur,IDY8bTSkISVWm/m1qjUlmQ==
441,Maharashtra,Ichgaon,0ASnKclz48799SCO71idJw==
442,Maharashtra,Karanja (Ghadge),Tete82Ov6QZMbFtve8wjUA==
443,Maharashtra,Kardha (MoRTH),ARVhlZn+iOO0t4QeqaBTVw==
444,Maharashtra,Karodi,YChPCQkM8MrkkWFSl5FYzQ==
445,Maharashtra,Kasurdi (MoRTH),wREH7LuTZkVN12OXAzf5/g==
446,Maharashtra,Kawdipath (MoRTH),zNo1mS72wzdYZHwbRMnICw==
447,Maharashtra,Kelapur,THGRJVrYsYKs29j40cuiSA==
448,Maharashtra,Kharbi,f7dYXZg1bYePIRZuq5T/ZQ==
449,Maharashtra,Kharegaon (MoRTH),9QAJZPM6hbPdFiz70iJiGA==
450,Maharashtra,Kharpada (MoRTH),RlEPMb8Ni3UmdD19gfKasg==
451,Maharashtra,Khedshivapur,+QkqarOT7hxIHpfzzVR19A==
452,Maharashtra,Kini,/9HFsA6j6vJcF+G9PGKMVA==
453,Maharashtra,Laling (Dhule),EHRZAvcc2okwpwHx8Jibpg==
454,Maharashtra,Maliwadi Bhokarwadi ,q4H3B4mnB7jmo//t6q8NBg==
455,Maharashtra,Mathni,5dDwhUu178JGaxenmYee2w==
456,Maharashtra,Moshi (MoRTH),ioGjgYhtYgYu6MUav2NSyQ==
457,Maharashtra,Nandani ,J+0bE67o2KYHkBeWVQ3xwQ==
458,Maharashtra,Nandgaon Peth,9K1VG4phF8nn2hwq/FKaig==
459,Maharashtra,Nardana (MoRTH),+6yU9pEevIl3gSGs2EQZCA==
460,Maharashtra,Nashirabad,5cVgp9t4AjEO9AztJbuIiw==
461,Maharashtra,Nashirabad (MoRTH),xNcksKO5WBOqktFLWzUMnA==
462,Maharashtra,Padalshingi,xzxd3Ft4JHp0MEs9VANxOQ==
463,Maharashtra,Pargaon,7AhHt3Hs/IGUAo5O7xVTAQ==
464,Maharashtra,Patas,lua1zbWV5a2T3COvUaLwyg==
465,Maharashtra,Phulwadi,npys7szl47nUmRxA1wkw+A==
466,Maharashtra,Pimparwadi ,0Ezi0XbWtszEF645DKf64A==
467,Maharashtra,Salva Jaroda,5+hSPPkgNxXqq7cHXxhwXQ==
468,Maharashtra,Sardewadi / Indapur,VOu9xON+rLqvXXAUNwr7eg==
469,Maharashtra,Savitri (MoRTH),ItUxyPMQ0A6/EB+Ju8QgWw==
470,Maharashtra,Sawaleshwar,wW+gU9qoenNDVK7RYD2iQQ==
471,Maharashtra,Selu Ambu,gphHpifEHR5x5AREuuPB+Q==
472,Maharashtra,Selu ,KRGoFTlp95UBUFaUXj4t5A==
473,Maharashtra,Shembal ,xLaeTokp+8UwWcpuK18iVg==
474,Maharashtra,Shirpur,ZMXCST2BSJoa1R3yZlswGw==
475,Maharashtra,Songir,5B9GGT1rw6vV2DSnqr19ag==
476,Maharashtra,Talmod,QKtfrD6mt47FDcTG/jmEdA==
477,Maharashtra,Tamalwadi,imZQFL+TLFkPd4cBOhACuA==
478,Maharashtra,Taroda Kasba ,tXsFoCWKgN4HhOBkDAC6qw==
479,Maharashtra,Tasawade,ZMOdqlbD1SfKxf3p5oI7yQ==
480,Maharashtra,Tasawade,rnX+lodFwi8n1onJgZ1MZQ==
481,Maharashtra,Tidagundi,+16qzajjEWAZOOue7PXf5w==
482,Maharashtra,Tiwasa (MoRTH),MO+Z5Rs7RLGyftp+gKddbw==
483,Maharashtra,Undri ,4KeodZZXAuSrFQrRmtzGNQ==
484,Maharashtra,Vaidyakinhi ,ks75cv6ZdCW48rdNGh7R0g==
485,Maharashtra,Valsang ,3GEVVTn29w7P96mqJLO7tA==
486,Maharashtra,Varwade,LXvf38I7px4S3uCJ02XLDg==
487,Maharashtra,Wadakbal (MoRTH),y2WbSMxc1oFAg6v1rACyfw==
488,Maharashtra,Yedeshi,jEZkbZ0AqXu3nMoRIgNPBg==
489,Meghalaya,Deingpasoh,hCWlP1gKYuaxNvPFKVps6g==
490,Meghalaya,Lomshinong,G7z8ULsV+IR6yFOwq2Jk8w==
491,Meghalaya,Pahammawlein,46PCoMbUHwA4HWTP/U8q9w==
492,Meghalaya,Pasyih,+CeYXUxa5YIUxeT6MxnXPA==
493,Odisha,Balibhasa,D494QLXhkPGDdZ448w2EPQ==
494,Odisha,Banajodi (Padmapur),pfp3fC7t1Tji2DUDd62t5Q==
495,Odisha,Bandalo (Old Manguli) ,0NzyaxdUyXLt7MY87O7Tlw==
496,Odisha,Baragarh (Barhaguda),E3JwtxPddbnGKyy3lnXQNA==
497,Odisha,Bhagada Narayanpur Toll,9PIL/FmuX8Q169IYvWlFzQ==
498,Odisha,Bideibadkudar,d2wOudu64fDXrEML6wUqBw==
499,Odisha,Bolangir ,fO8CFXTJWJPFNkceS/REkQ==
500,Odisha,Darjing ,a0vuTF59nFsO5Jzo3OH5OA==
501,Odisha,Gudipada (Old Gangapada),BV/ivBhihQV9MuHEb0Keig==
502,Odisha,Gurapalli,ZOC1yXmQ+OveK35ZZfXKeg==
503,Odisha,Hasanpur (Sainkul),xjOoS3Ztl9cTe7CGBkfd7g==
504,Odisha,Jansanpur,mDHlN6GUKpxDzlx3lFr4kw==
505,Odisha,Jharpokhria Toll,enV1vNeuXSX+DGKqhggu8w==
506,Odisha,Kandra,m8Zd8cR11EdAggcjsUsqng==
507,Odisha,Khamar,i/q+Fr0Tb+djnwADFTxYqA==
508,Odisha,Khantaghar (Dhenkikote),A5NUFNbOJwakV3ktIfgOug==
509,Odisha,Khantaghar (Dhenkikote),UKcuyM96CR/sGXLUpz1KEg==
510,Odisha,Khireitangiri,ca071BZm1o6fpXwDY+ljPw==
511,Odisha,Paat Sahanipur (Pipli),UXhoukPzGFGYZ5RMfU3VrA==
512,Odisha,Padmanavpur,aMAMXO+MDtSjT3CNQmpAhw==
513,Odisha,Panikholi,JukHOYvvgHN4hXPjP+q9+A==
514,Odisha,Pudapada Nildungri ,UkaGdUQ/tcrS0w0CGEuUOA==
515,Odisha,Rangamatia ,gqXrTsB88mp7tPjoIszv4w==
516,Odisha,Sergarh,Cr7YUsjg4+OTjrjspnLH0g==
517,Odisha,Srirampur,5rb9d1UmuYgRabXz+jH59Q==
518,Odisha,Sukhuapada,20jCPawbvKk3uikqBWlVHg==
519,Punjab,Azizpur,DFX506ckUhGoX+x7CC8RZg==
520,Punjab,Bachhuan,LrZzvFEa3lpAYtiNz1A5jg==
521,Punjab,Badbar,psHaZ30UuPC1k0CP9pokfA==
522,Punjab,Balluana,2/el+a3YcDl9ko9SjBiU4A==
523,Punjab,Behram,6b+nyu/rItTyixvrp4c5BQ==
524,Punjab,Bhagupur ,hMsEsC31vJqD4FJS7sbVGQ==
525,Punjab,Chahar,+zx7Ms0fYmCqPncfb4IAog==
526,Punjab,Chak Bamniya,lv0lOXGGREpWCGTYxIaK8Q==
527,Punjab,Chandimandir,qZFBuczB/R4bUyKw7eOqyw==
528,Punjab,Chiddan,KZZQBfuxXT6xsF9JL+eLHg==
529,Punjab,Chollang,OekOvIc2AhW010msX4ZGQQ==
530,Punjab,Dappar,Nvw81ZUncTQNzF/e2uEc8Q==
531,Punjab,Darapur ,AlWKE9+dsvN/cv1Rxaqxiw==
532,Punjab,Dhareri jattan,VK4ibGsDFXwhapnGXw7mPw==
533,Punjab,Dhilwan,lomSmjxmZf8xFQ92Tzkmnw==
534,Punjab,Ferozeshah,XXrXd6fPO+joBXJxowpuMg==
535,Punjab,Gurhe,BUXzEAiJk4/zngV0QWrWUA==
536,Punjab,Gurhe (Chowkiman ),pT8GxoLytaCPYRDjm/HXLw==
537,Punjab,Harsa Mansar,BGr0scjm9ATeTr52PaJixg==
538,Punjab,Kala Tibba,T4eszaV5eynvQQDS5hOQFA==
539,Punjab,Kalajhar,/OelPROdIYtZ8HxzSIquPQ==
540,Punjab,Karahewala,s14PQ/vipyCnFTdm6g31fQ==
541,Punjab,Kot Karor,0CGpGecDgipdRQRVFSIiqQ==
542,Punjab,Kurali (Behrampur),oJI5aTyrQMQqqUfpl7+nAQ==
543,Punjab,Ladowal,8Y66WRHiLZsdD4T3lZQi/Q==
544,Punjab,Ladpalwan,fzK7/JaKwsUo+d9dUuCOyw==
545,Punjab,Leherabega,LMlwBhyLcL0U3bJCnD7yPg==
546,Punjab,Mannan,Xt1CBiiie5f0jmNgPret0g==
547,Punjab,Milk Majra,gZFJkHbTRZQFFpavwZseDA==
548,Punjab,Nijjarpura,1ls+Nz9NnpqitDW13c5rTA==
549,Punjab,Paind,fEKLwKXJfZk0R9XaaiheqA==
550,Punjab,Usma,YJkFwyhttLRHGk1E3rjsHg==
551,Punjab,Waryam Nangal,lwa4/dkJvG9xugmdutBamA==
552,Punjab,Zidda,yO9BoEeOVk11opEqiRviHw==
553,Rajasthan,Akhepura,dF+Be+B+frCk+LeE+ZqBXg==
554,Rajasthan,Amoli,yMIcjA2EGvmC9K0o9QfqHg==
555,Rajasthan,Aroli,S5G1f/yPK4Mx0hja9bLyog==
556,Rajasthan,Bad ka pada Fee plaza EPE,QBL4GFoJnkCzZnyvroKivg==
557,Rajasthan,Badighati,cSAw9KyMLPisp2yTQtu+Pw==
558,Rajasthan,Bagaliya (MoRTH),HgLct7xf8/EAZq0b8Wg4iA==
559,Rajasthan,Baggad (MoRTH),VRJT6FhGECY8Oe6t8jUKxw==
560,Rajasthan,Baggar,N3nGTJp1d85Lkirbchy60A==
561,Rajasthan,Bahala ,bogRzNGRUQSqNjfcP+s8xw==
562,Rajasthan,Balana,ES1itCwZYKrYnVSS7vf2eg==
563,Rajasthan,Banthadi,DDztIOi5k1I/NIpbMP7iaw==
564,Rajasthan,Barkheda (Chandlai),AgANbRO3a29XP/xw78LnLw==
565,Rajasthan,Barsalpur,t77IxlBuAHPQ1kAEorkWJg==
566,Rajasthan,Bassi,CyLTBmtb4wfFYXzNlY6f+w==
567,Rajasthan,Beer Mandi,exA5HyxBpBU6JxZvWN7LJA==
568,Rajasthan,Bhandaraj Fee Plaza EPE,ks1BRMMNdMw8T70/p065jA==
569,Rajasthan,Binawas,YjBpjSCOuSr+Ers+nwZJlA==
570,Rajasthan,Birami,zfqEvRiqlyhalXYxuy2TyA==
571,Rajasthan,Biratiya Kalan,1cPzgqmqK2xFzSEy4Shvqw==
572,Rajasthan,Bor Charnan,Xn1y5ioAchpTrQloQ1glVw==
573,Rajasthan,Butati (Kuchera),f/aQYsVeq+UyCzweRRvxAw==
574,Rajasthan,Chila Chond,Gb/b2xcHOBxztNRN2poUwA==
575,Rajasthan,Choti villor,pL69Q1Zj38KADXYVoVgbyQ==
576,Rajasthan,Daulatpura,QVprN7RoSZPsKLUR1cMjRw==
577,Rajasthan,Dhadhar,CTKcbLheU70da3cgBgO/Sg==
578,Rajasthan,Dhaneshwar,wlH8LrLrHLMfsCSdc5F3DA==
579,Rajasthan,Doli,lfDOkIm995dm3gxpkEJzaQ==
580,Rajasthan,Dungarpur Fee Plaza EPE,b5MdhRQ5HsSGzAmRXLSiMw==
581,Rajasthan,Fatehpur,i2ymhcXqrJEeT7i9CUXyNw==
582,Rajasthan,Gangajali,HT5fkfXNVH5gk3Cn8I1XNg==
583,Rajasthan,Gegal,ELr6BAhnXxIRyrbyNVHuNQ==
584,Rajasthan,Gogunda (Jaswantgarh),AW2iP+uI6O4yfHiFa9cVGQ==
585,Rajasthan,Gumanpura,XyCkPMU94VDyjMVaWKlXDA==
586,Rajasthan,Harimma,RfGahXxD7QneKJVUONeOaA==
587,Rajasthan,Hathitala,hevVQOnzoolbDEGZmNOxtA==
588,Rajasthan,Hingonia,nsvSqTr2HdlaNGl7k3z+iw==
589,Rajasthan,Indranagar,UuOlU2EjVyQV0rP+P9dlpA==
590,Rajasthan,Jasnathnagar,Vz4ZWua1M6TnXQkEI+RfwA==
591,Rajasthan,Jojro Ka Khera,IbRbbcq/Wk35sHIycIl7IQ==
592,Rajasthan,Kadisahena,tH3doY3M3njR3bueEmJKJg==
593,Rajasthan,Kair Fakir ki Dhani,S5fekMkP9SuusQQ0IaTA2A==
594,Rajasthan,Karel ,tGlSeDDVZ8sfSKLfiC9OOQ==
595,Rajasthan,Khachrol,uSus0bA8yPtncfpy2RV+sg==
596,Rajasthan,Khandi Obari,eHK0/0JtU5GgOHbTqLXdqQ==
597,Rajasthan,Khedi,ZRZHtlDSPw66GY/lK8K+gg==
598,Rajasthan,Kheerwa,kxrNijQTzf31xheWKbg/7w==
599,Rajasthan,Kishangarh (Badgaon),QSz7B9yfAHuXvRVR8gqNpw==
600,Rajasthan,Kishorpura,h23DumDnLCVH0bTn/dWTVQ==
601,Rajasthan,Konder,MgbKuMvaifZY87/9AESutQ==
602,Rajasthan,Korai,pAiVM6sFnrqdDTPM6sG1RA==
603,Rajasthan,Lal Ka Khera,b0QEzkrep2Axy+SFlz6r5Q==
604,Rajasthan,Lambiya Kalan,4/6hBqOBMy2S93R2ormzyw==
605,Rajasthan,Lasedi,uvqcMAGEXd/LHaRWD/uimg==
606,Rajasthan,LATHI,j48PTKbqGDMaJjEQifqz3Q==
607,Rajasthan,Lilamba,GTc++bEeE9qQlYvmfHakjQ==
608,Rajasthan,Ludhawai,s+6nUdR7+mPGpHGSRhT8jA==
609,Rajasthan,Malera,u3q3jUyQPdlnYPPmNrx61w==
610,Rajasthan,Mandana,qBc6Z5MF8PTI5dRVX1U2cw==
611,Rajasthan,Mandawada (Gomati),Xk/DzOCqZkP6zBZRhKwW4g==
612,Rajasthan,Manoharpur,fRgaBRnKE1+opPuCwwvW7w==
613,Rajasthan,Methoon,k3g7Fr7RhW/qRYTO9+PDxA==
614,Rajasthan,Morani (Pokaran),AdKaS610VyiBUMGuqhNHjg==
615,Rajasthan,Motisar (Khanori),Ib+stYGAHMjXbGC/5oUQwg==
616,Rajasthan,Mujras,BK5SKNv87Iwfd+NQ5++eZw==
617,Rajasthan,Mundiyar,7zzdcLz6jqoEBK+mZXjR6A==
618,Rajasthan,Narayanpura,0p+zZhDljeChQe76sW+PnQ==
619,Rajasthan,Narsana,3B3rU6BAtkT0bV7YyJrY6A==
620,Rajasthan,Nayagaon(RHS) (Staggered),5TLfMk92XfqVc9WHn0QAlw==
621,Rajasthan,Negadiya,mPVRZHOKQ2MEy/kcYI3S/Q==
622,Rajasthan,Nekawala,tondeKvs7fzTq13R5PS1YA==
623,Rajasthan,Netra,fRQ24SROJ7bE+Qp/Jg9zKg==
624,Rajasthan,Nimbaniya Ki Dhani (Bayatu),nGTr8HVXJ5Dge8jFJb0Igw==
625,Rajasthan,Nimbasar,QotrqUllivZ4eH3nANuMtg==
626,Rajasthan,Nimbi Jodha,CPzHJdrZE0LF7HcIjWUmUw==
627,Rajasthan,Nokhra,mQFC3pX/qYM9o3Okoe/qvQ==
628,Rajasthan,Paduna,+HCKvXbVABqCEugN9WEpNA==
629,Rajasthan,Pallai,j2jqE4VPktiC/4oPEF3HVQ==
630,Rajasthan,Patroda,qwQZvRiUeOlQwhYCeNUyRQ==
631,Rajasthan,Pipalaz,aaiot9kqTY88tGQmtADBwQ==
632,Rajasthan,Rabawata,A0DGPnw0Tsmjy+oI36h4ZQ==
633,Rajasthan,Raipur,KxlmLqTABerp4ZbVbaP1fg==
634,Rajasthan,Rajadhok,jiKci4stdDlPwPABy9Zimg==
635,Rajasthan,Rajora Khurd,gVOHrZOv0oxgGQnyAXevEQ==
636,Rajasthan,Raksha,IXYfpnBA+dMqERXseuYTMQ==
637,Rajasthan,Ramdevra,D433//FaWbzCbbkFFxLSwQ==
638,Rajasthan,Ramnagar,UxLqZ0PmelB8PDWNy+VLWQ==
639,Rajasthan,Riasinghnagar(Thakri) and Patroda ,31Joqft2AVjifrIE4eY0Iw==
640,Rajasthan,Rupa Kheda,das07HZwFIOM6f30R8fOmw==
641,Rajasthan,Sakatpura(LHS)(Staggered),jSJZkdL8JN3T5Z6+AwCGpQ==
642,Rajasthan,Salasar,g5z114ypWKdg7DxhUMiEvQ==
643,Rajasthan,Seora,igIYPnNdllkVxvm9HihPGA==
644,Rajasthan,Shahjahanpur,gAGUQn0KLqA8o11E+VCKhA==
645,Rajasthan,Shobhasar,SDmeP+CUatiiM5Uy1pZz3Q==
646,Rajasthan,Sikandra,ckQ8FpaV7JpmQUjyNYqd3g==
647,Rajasthan,Simliya,p19rqCqyNlMlxjmCYn/RSw==
648,Rajasthan,Sitarampura,+hjgo2t03TmOXgWhuNE1/Q==
649,Rajasthan,SixML,Z8FiXt74EV39nEX7Mi08Ew==
650,Rajasthan,Sonwa (Sonva),QZiSqYOwdRrwTLkn7/tekQ==
651,Rajasthan,Tamdoli,6QDJ/n8kKuCU5zSNY98haQ==
652,Rajasthan,Tankla,jrOgtEyBaLMb99CtOXT+OA==
653,Rajasthan,Tatiyawas,PwXzh6h0FfAibOfgU5OeQA==
654,Rajasthan,Thikariya (Jaipur),y1FfdoBrSRt32l+n9mE7Wg==
655,Rajasthan,Thirpali Badi,AuWFVj9Ts9eV+q9WqwEx5g==
656,Rajasthan,Titoli,LjCp3YW4BASH39Av1y9xRw==
657,Rajasthan,Uthamam,XvdV6j0xcVVJFzrHQd7hNg==
658,Tamil Nadu,Athur (Tindivanam),WceITurW26ScGjlws8W57A==
659,Tamil Nadu,Bogalur,QPO9YiBadHjdQBeEAbX1uw==
660,Tamil Nadu,Boothakudi,zseeIFie2bwBrjM0kCPp5A==
661,Tamil Nadu,Chennasamudram,mHaep3uaTkRWQAgS1xFi3A==
662,Tamil Nadu,Chittampatti,Ht4uA4ChYyrSK2ZsEN8n6Q==
663,Tamil Nadu,Eliyarpathi,LAJVLne5EEwzcz/3xsiRJg==
664,Tamil Nadu,Enamkariyandal ,UHDwQZpFNW+HOJ4JIj+G9g==
665,Tamil Nadu,Etturvattam,KrLz77JbXDm83430LzRxqQ==
666,Tamil Nadu,Kallakudi,4ZzU26dJe/L2hh/pEblceA==
667,Tamil Nadu,Kaniyur,YcEtuHEQzuNzqZFaIczKnA==
668,Tamil Nadu,Kappalur,iyh6Dp3WwrlIt/fwyVPZZg==
669,Tamil Nadu,Keezhkuppam,j8ktrnMRYTIklur98/38bg==
670,Tamil Nadu,Kodai Road,9scc1ZvcX2dAsB+7rAtSbg==
671,Tamil Nadu,Kodikottai,csNHb5gyW1SDyzTfAWecNw==
672,Tamil Nadu,Kozhinjipatti,LA3ZbvBznwPLD2Mg9vPjNg==
673,Tamil Nadu,Krishnagiri,gS6kyfZIm9pzA2t6y2IR9Q==
674,Tamil Nadu,Lechchumanapatti,82ajUf0LhVCd6eVmpVs5Sg==
675,Tamil Nadu,Lembalakudi,t+rOjZEQkflggrPbrVSdXw==
676,Tamil Nadu,Managethi,+rlJkBUnbTVa4A3OZh5ISw==
677,Tamil Nadu,Manavasi,rb3BKv6+wC+BhNWs+ttnow==
678,Tamil Nadu,Mathur,vi23ijA3auZQGXt3RXpXfA==
679,Tamil Nadu,Mettupatti,GaNZ5ZTDVIFDTIpg2DTLLw==
680,Tamil Nadu,Morattandi,8Tz7xu6JCrWB65ezhiYmHw==
681,Tamil Nadu,Nallur,ivKXUGOonG/Cv0y53zoh2Q==
682,Tamil Nadu,Nanguneri,qTKbNrsBcESFpCiqk/7Q5w==
683,Tamil Nadu,Nathakkarai,+wyuOIlfNsJtyJW2J9Mlfw==
684,Tamil Nadu,Nemili (Sriperumbudur),rY5PJ/RB6Hcn5p17UVWgxQ==
685,Tamil Nadu,Omallur,PX4tKMnQm9Robi5oCabZ0g==
686,Tamil Nadu,Palaya Gandharvakottai,yaAwsOgzzybgGjYXICvPWg==
687,Tamil Nadu,Palayam (Dharmapuri),gJR2h2jiAoM2gJa2ec47VA==
688,Tamil Nadu,Pallikonda,upmANRcJaXD+xPZ5Ixpg9g==
689,Tamil Nadu,Pamban Bridge (MoRTH),pIXknnCXVqiZWmQQIUo4Jw==
690,Tamil Nadu,Paranur (Chengalpet),MEoabLiHHfs2nmflKnmuTQ==
691,Tamil Nadu,Pattaraiperumbudur (temporary TP),SBWDR6QqeHtfj8JZXAFHFQ==
692,Tamil Nadu,Ponnambalapatti,0X0hhcaDNQc0nWPvq2mKwA==
693,Tamil Nadu,Pudurpandiyapuram,6F2oP3TkrYoH+oV0cb9ylA==
694,Tamil Nadu,S V Puram,2LBd1vL4SUWZRpzliUVJlQ==
695,Tamil Nadu,Salaipudhur,knUErFZ0sw7xTNlYJI7/RQ==
696,Tamil Nadu,Samayapuram,MGqMToJcJdALr4mF8bTBbQ==
697,Tamil Nadu,Sengurichi,iQvmcX7WH4ixGODvx4RQew==
698,Tamil Nadu,Shenbagampettai,ln+yJ7Xx6qQDHFmp7tj5iA==
699,Tamil Nadu,Surapattu (Chennai Bypass II),dEpOtzHDTMkDVC/kIRwL2Q==
700,Tamil Nadu,Thennamadevi ,M/Vz/HemaSJ7Y5OV2CXo5A==
701,Tamil Nadu,Thirumandurai,RlZHLBr+wbm8HtHc6FQFwg==
702,Tamil Nadu,Thirupathisaram ,AthZ0b5VOgKf9/r4v2kUlA==
703,Tamil Nadu,Thiruppachethi,z0uYEFNTahJsShqR1Pz6hA==
704,Tamil Nadu,Thirupparaithurai,sFT/bznOYWGnCZd9dijGUQ==
705,Tamil Nadu,U.Ponnalagaram,IH6W+2/uH4LyL8p3XgGmMA==
706,Tamil Nadu,Vagaikulam ( Pudukottai ),xgAYveGAYhdoarMwpSCWIA==
707,Tamil Nadu,Vaiguntham,d9Ucdnqq13VR/f/GrsgZBQ==
708,Tamil Nadu,Valavanthankottai,QnlBMDtdsrDAdqcUtbnp0Q==
709,Tamil Nadu,Vallam ,6Tj6M4Vum7ceYb/XgGOQyA==
710,Tamil Nadu,Vanagaram (Chennai Bypass),i1TEEepJa7iq0Vp/6draKw==
711,Tamil Nadu,Vaniyambadi,grPDifbzUcP+eZ/1qqIzHA==
712,Tamil Nadu,Veeracholapuram (West),KBNvwRgSqZd7m/Veta1ZIg==
713,Tamil Nadu,Velanchettiyur,V86HWmQTLIkYKsEqlKVMxQ==
714,Tamil Nadu,Vennathur,uhM9SiubGMWBDJBazAuxoA==
715,Tamil Nadu,Vijaymangalmam,glH7q2VJhOIZJJRYhwQamw==
716,Tamil Nadu,Vikravandi(Villupuram),QNDdKPnX0HcIrNovJ5qd9A==
717,Telangana,Bhiknoor,jLHh3Zuf9wQ8QVddX5UlNg==
718,Telangana,Chinthapally,sHWXvMPP7J0v+Ij8nP0wmw==
719,Telangana,Chitlapalli,e2hpNLjzZR8dtHWE3r8UEg==
720,Telangana,Dharmaram,jxgFAm4kxbZu+lAsWc7WRw==
721,Telangana,Dilawarpur,/rxScz8rQor1aHsps6PDoA==
722,Telangana,Gamjal,q3i+1GNDUdeLUmGGfkLvKQ==
723,Telangana,Gowraram,HuCh0GwlZZZK7swb4ODQCw==
724,Telangana,Gudur (Hyd-Yadgiri),i9joDeiE86vJOGNNh89BSg==
725,Telangana,Gummadidala,dSa5tk9k/VE2sM7jefNt1Q==
726,Telangana,Indalwai,3D2+ad4eQ6+aEIU8lLGLSA==
727,Telangana,Jawahar Nagar,6uHwVZP/pl7Z7FzLjmpoNQ==
728,Telangana,Kadthal,1uxHsXAA/bXQYeEHXempPw==
729,Telangana,Komalla,cwJm0ZlJz6a0t2k0SCL4NA==
730,Telangana,Komatipalli,tLEE3Olc/Qn9monwNCMDNw==
731,Telangana,Konetipuram,G7A7gO9A9oE11lvTb2bqQA==
732,Telangana,Korlaphadu,+qKJ4N3RzLDMn9bxujypaA==
733,Telangana,Kothagudem,IH957hFEXhlIkXU1gMSOYg==
734,Telangana,Manoharabad,S5eqQJj1q6Fd4DXEwiKxzQ==
735,Telangana,Munnanur,0idrYOAj+safKflMCcpBBg==
736,Telangana,Muthojipet,NKx5upvpioDmbtbaOBrwCA==
737,Telangana,Pippalwada,dSIQWQiCLzyvoVbBsmxIyQ==
738,Telangana,Raikal,dBE+ih5R6EQM1SkXVm7Clg==
739,Telangana,Rolmamda,XBylyzAKmbOl0Ji+hq7M9Q==
740,Telangana,Singarajupally,d3UY7y+us8hCy16ht7B7EA==
741,Telangana,Taddanpally ,mKpGfG6t4YjAV5T3ncqCUA==
742,Telangana,Yerkaram,umz080HJBMps8IIEwtcw0w==
743,Uttar Pradesh,Aaini,lTTIHKnzjW3Hsuib7YrV/Q==
744,Uttar Pradesh,Aashpur,BVbJ2ZL3kJRHT0c9xWEnMA==
745,Uttar Pradesh,Ahmadpur,kGKOc51a7Hh8vZ91G1yhwA==
746,Uttar Pradesh,Aihar,oniHhdaOlAjcMq0SvKOFGQ==
747,Uttar Pradesh,Aindhi,CStczWJxGaUljScSY0oKJg==
748,Uttar Pradesh,Ait,FWNwg/Bt7oml3kWWvvpUhA==
749,Uttar Pradesh,Aksada,QQpUIiwtXxGGrwZmF5CGdg==
750,Uttar Pradesh,Aliyapur,nf1MNIGW7YKhLZBVjc81dQ==
751,Uttar Pradesh,Amdi,RgaZlMYOVs+k4hBIhECP0A==
752,Uttar Pradesh,Anantram,Rr5vGvxXQ3m/RaudfvlJiQ==
753,Uttar Pradesh,Andhiyari,qdyml9VPnyiM0V02Oek9XA==
754,Uttar Pradesh,Asroga,ooHjXYVttvWF3VlWoieVjQ==
755,Uttar Pradesh,Atraila Shiv Ghulam,dHu4CHCMx0OicEJ+xEqc6Q==
756,Uttar Pradesh,Babina,BEtFB088slUD+nvKsaz26w==
757,Uttar Pradesh,Badauri,eX0i5EoUB9H2ooajnGsMyA==
758,Uttar Pradesh,Bamhori Kurmin,Z4x2KhVi5sAN2/9FGCjJPA==
759,Uttar Pradesh,Bara,xIFt5+iGlxg9Ha/9BApSRQ==
760,Uttar Pradesh,Barajore (Bara),avFs2qJ5dVIAfTuITLUVhw==
761,Uttar Pradesh,Baros,Eti3WKCerImuye0pX3wBhA==
762,Uttar Pradesh,Belgada,zw0kPGU2IwQACIj6DIjSkA==
763,Uttar Pradesh,Belon,183/TUDnc+s4QlwL1ohxMg==
764,Uttar Pradesh,Bharatkund,nMicKMqhyR5YCMg6D01LrA==
765,Uttar Pradesh,Bhojpur,SYqMtQAA3E5huJ2t82tZkA==
766,Uttar Pradesh,Bilakbarpur(EPE),S3IjJjO0g8ke2SuuhJjDow==
767,Uttar Pradesh,Brijghat,GycU6OApj8L2ut+XA33BIg==
768,Uttar Pradesh,Cable Stayed Naini Bridge,yvNtfnam7SXbJ9qEkXKVGg==
769,Uttar Pradesh,Chapwa,vIVptA+m06Fvuwq0AxMQdQ==
770,Uttar Pradesh,Chaukadi,QEIOMubIGvoXGtn2jZ55ow==
771,Uttar Pradesh,Chhajarsi,0ak4ffYFKsx1Q2cVHgA67Q==
772,Uttar Pradesh,Dakhina Sekhpur,XWD5x99zNGSNWbCQCR9bTQ==
773,Uttar Pradesh,Dasna,jCzAhkf0v0xjInV2aB+mwQ==
774,Uttar Pradesh,Dasna(EPE),2cIcmVUHX8EUi65x37IQaQ==
775,Uttar Pradesh,Duhai(EPE),49MnDOfHXF6StGYwKbyw8A==
776,Uttar Pradesh,Dularpur,yOrBQd/mrD1eNTulvg7zQQ==
777,Uttar Pradesh,Etora Bujurg,MekbCRMyaC5k6ETaSTfE4w==
778,Uttar Pradesh,Faridpur,09cqy2+syxB0r/gjoP+reg==
779,Uttar Pradesh,Fatehpur Rampur(EPE),Dz4y8MON3hhRudmxMLz18A==
780,Uttar Pradesh,Golhaura,r3y7BYMvs1uhBL6XbXf6Xw==
781,Uttar Pradesh,Golhaura Fee Plaza,dZaHlBdFOpFP8GuHbWDJqg==
782,Uttar Pradesh,Gopalpur ,XfiQt1rlZ6BERhrM1g5vlg==
783,Uttar Pradesh,Gulalpurva,0BmDmreSc1URiMwnluyN/g==
784,Uttar Pradesh,Gurau (Semra Atikabad),pvgn2VA0Pt20luELMSdVzQ==
785,Uttar Pradesh,Hadawa,Cl6ZX9lvc9L6+VaJRGT/Ag==
786,Uttar Pradesh,Handia,9xy4v8J1A3MFluEGqvJRcQ==
787,Uttar Pradesh,Harro,1ms4gzEN7dpUwAZnAH3t9g==
788,Uttar Pradesh,Hauj,UgRhayilGFmLCbbnUNj2QA==
789,Uttar Pradesh,Hitouta,v1dcCjY783O1SOgWfHBLIw==
790,Uttar Pradesh,Itunja (Barabhari),codm58L9g+/UVlyxDxX+LA==
791,Uttar Pradesh,Jakhauli(EPE),r4mPiLWLZ+LYL2BOlp63gw==
792,Uttar Pradesh,Jindpur,vP/Oj6N9TQ6Ub6sryI/PaA==
793,Uttar Pradesh,Jiwana,2+TuJSFHIV+l6+E10se0Cg==
794,Uttar Pradesh,Jorwara,h1Y+6iCzd65WY9aXbnhm7w==
795,Uttar Pradesh,Joya,ZXxmAdVDoh1L8UxeV551EA==
796,Uttar Pradesh,Kaithi,INVp1JTnOzBnupKK7A6ocA==
797,Uttar Pradesh,Kashi,XCJoYt3y/iKwzyyNxHpBLQ==
798,Uttar Pradesh,Katoghan,/ddXrXcvsBfKzRtfHlETPg==
799,Uttar Pradesh,Khairabad (Karondi),Cus17lUTrPPYNLxWCWECuw==
800,Uttar Pradesh,Khanna,8uLjb5opfueQdLxbrM50xA==
801,Uttar Pradesh,Khokhraj,s5kfoirqfpH6wT2BvRleDA==
802,Uttar Pradesh,Kiratpur ,uXVMc2mANgik3UprHxAcng==
803,Uttar Pradesh,Kunwarpur,FHiWqd+M+3b7b/WnZA9EjA==
804,Uttar Pradesh,Kurana,/Lx/EHA45pyrviF3J2PTSA==
805,Uttar Pradesh,Labhera ,XDjC9xdRkCJ3SYL/amaUyA==
806,Uttar Pradesh,Lalanagar,wt6Cou1MRXTPsZ6vx2EVZw==
807,Uttar Pradesh,Laxmannath,yoD6AcyRWoJ5x3CfO4jwCw==
808,Uttar Pradesh,Luharali,4qSK9a8jF1Ub+zzLBHMrGQ==
809,Uttar Pradesh,Madrak,XWqaQUo5Sx9k8bvBwlEajQ==
810,Uttar Pradesh,Mahuvan,ZoOpFAtUv462hBxzgjPfrg==
811,Uttar Pradesh,Mandawnagar,pqo08q8AO8h+qPYascr6XQ==
812,Uttar Pradesh,Maujpur(EPE),Zay4XwJyi3JKPFwZXk+R1g==
813,Uttar Pradesh,Mawikalan(EPE),uezgiCiEwj+BvLTd0vGJJQ==
814,Uttar Pradesh,Mirzapur ( Kyampur ) fee plaza,R7hsdFtoG/gNBMh2Wib32A==
815,Uttar Pradesh,Mungari,B4MDc2KJiCsVz91QeshWBQ==
816,Uttar Pradesh,Muziana Hetim,jfkcFnYq/fRKEgfWc63Emg==
817,Uttar Pradesh,Nainsar,cLKaTlR8cKpAIfGwPGIbyA==
818,Uttar Pradesh,Nawabganj,jk48/3smA6MZ89MrMS75GQ==
819,Uttar Pradesh,Nawabganj,uX7bax/iKamJ6G/mmXXdBw==
820,Uttar Pradesh,Niyamatpur Ekrotiya,dLrpelz2XVQc7UF6Wx74Vg==
821,Uttar Pradesh,Nuruddinpur,IHGfDx4o7+92NNMLSQqbOQ==
822,Uttar Pradesh,Pidhi,O5RiKnMh/rrtxW1O0Km/PQ==
823,Uttar Pradesh,Plaza 1,vxdS84k2yYZAgtJRd24eWw==
824,Uttar Pradesh,Plaza 2,H1lqqWYJuSuDu7JZjYGlfw==
825,Uttar Pradesh,Raibha,mk50SMS8Rs93nR5aO1c41A==
826,Uttar Pradesh,Ramnagar Gansiyari,WM/x4TKVTucGp9hKWba+vA==
827,Uttar Pradesh,Rampura,SeqhwNtu3Lnld+NdLEIpWA==
828,Uttar Pradesh,Ronahi,N8+hDEpKtGOldlm11Wje8Q==
829,Uttar Pradesh,Sabli,EDT7QA51/M35+oKDqUcrww==
830,Uttar Pradesh,Sahson,y2Xmcrqjnzc0icyKh5T8Qg==
831,Uttar Pradesh,Salemgarh,6XfZmpLruayemu/wAB4N2g==
832,Uttar Pradesh,Sarai Sundar,5X12Mt85wYW+eUFkSyQtfw==
833,Uttar Pradesh,Semraraja,4Q3LszvPVYmwz6BlAM+W1A==
834,Uttar Pradesh,Semri,42QA8nCKtgIx6Cgqz4U5/w==
835,Uttar Pradesh,Shahabpur,OMyqAkI57sY41Dyc9zrIYg==
836,Uttar Pradesh,Sherpur Chamrah,cRmkfesVHpZCNLYzaPVlhA==
837,Uttar Pradesh,Shrishikalan,+zKWoA3jlQVx+G9PGJFftQ==
838,Uttar Pradesh,Siwaya,YagDQFaas4z4kEN7V+GSmA==
839,Uttar Pradesh,Somna (Gabana),TfKQ3kteVHrZIkVVBQzJdQ==
840,Uttar Pradesh,Soraon,pjZzJWzMfqvt09cOxAIsEw==
841,Uttar Pradesh,Srinagar,VQOYjmQ4F+eLqG7+KxDBcQ==
842,Uttar Pradesh,Tamsabad,bH2Z+nceODFsKOpnx7OeVA==
843,Uttar Pradesh,Tarwa Dewa,JBWuWQyobLBr2SekNoI6mA==
844,Uttar Pradesh,Tendua (Gorakhpur Bypass),HE/6I/iOD1AqEtQ9mMO1MA==
845,Uttar Pradesh,Thriyakhetal,ki3PLUseuw9ZqCDFLDyvrQ==
846,Uttar Pradesh,Tundla,xAHIx8jCMl/c3HyMF/89ug==
847,Uttar Pradesh,Umapur,q9HPt1EvcHwyBmQLzEnLPw==
848,Uttar Pradesh,Usaka ( Chamari),bif6MFZq86iTKK8C0hSjEg==
849,Uttar Pradesh,Vighakhet,1jD2lkwQ55kEAIM5h1vw4g==
850,Uttarakhand,Bahadrabad,+GRht/rTGqBKh42DP+NcdQ==
851,Uttarakhand,Bahadrabad,MzYI7887Q8t13uyBjQWXRg==
852,Uttarakhand,Banushi,qbnXG9Qd1FM1hQVXpZjotg==
853,Uttarakhand,Bhagwanpur,ByNYAMyIEKlX9DrLFbukLg==
854,Uttarakhand,Chhapar,rn4UVjBtL415UtelML1kSw==
855,Uttarakhand,Deoria,LEfDo2d0G6YXAjIj1YiirQ==
856,Uttarakhand,Jagatpur Patti,4mynSKdwR09xmur4ubuUBg==
857,Uttarakhand,Koyla,OqSWerJu8nPpicITpV6e6w==
858,Uttarakhand,Lacchhiwala,Ni2E6iVo2gLzhphMUYnFjA==
859,Uttarakhand,Puraini,60Fw3iz0/rtTX4SG6IMIlw==
860,Uttarakhand,Rawason Bridge (MoRTH),uOgekPOrvOUO+lVp+1o+/A==
861,Uttarakhand,Sarsawa,ka1i3veMHKL06JHnsmp0aQ==
862,Uttarakhand,Sayed Mazera,DIu3ztrBRLRhoaC2YrhRpA==
863,West Bengal,Banskopa,sUAVvp9KfE+r9/1WfHyRfg==
864,West Bengal,Barai ,63ZWj3Wf9IQofTh1g+KmKA==
865,West Bengal,Beliyad,u4SL/81MioexctsqXChAVQ==
866,West Bengal,Chakseherdi (Gajol) Bagsarai,j0BC+fKtiUVIDTxiehZZBw==
867,West Bengal,Dankuni,IZMz+NAQLuDuqR2rJLajaQ==
868,West Bengal,Dankuni,s0vPyEED4SivG6PSbw0iOg==
869,West Bengal,Debra,vMpGj/+FQgillLjgsNAbKw==
870,West Bengal,Ghogarkuthi,S5XaxOoCbD1MqSbjPQmKYw==
871,West Bengal,Gopgram (Shibpur),wCV+RBS2OeoMMAhwxJK6fg==
872,West Bengal,Guabari,jfGds1AKA09AfLWwzf6BCw==
873,West Bengal,Husludanga,zw8USGg+kbyq8S6oMKoROg==
874,West Bengal,Jaladhulagori (Dhulagarh),BlPbUI3MDhdPxJByD1xrCQ==
875,West Bengal,Kalapathar,KAaozxjHPh2LUJIaFXTA6A==
876,West Bengal,Kishorpur (Chandermore),rma9AqysJGDQfdclyoY0LQ==
877,West Bengal,Lakshmipur (Eighteen Mile ),SiElGWyRmKQq+Bb5+ZQvrQ==
878,West Bengal,Mejia,Y5nrNa2N5l1DRAa9scxg3w==
879,West Bengal,Namkhna,F4hUJ9LNnWVUYI75HB7p8g==
880,West Bengal,Nivedita Setu,K/ja8mtx63Vw5YUQFkrizQ==
881,West Bengal,Palsit,n3utOROHwij5HWl9SvI1bQ==
882,West Bengal,Panikauri,IQetg/8vF5rqI+Jkf+znoA==
883,West Bengal,Paschim Madati,K34OcJKcEUNmK+Ofnn+BFA==
884,West Bengal,Rajchandrapur (Howrah),8ULqSmv42xGMxCEfYpOQnw==
885,West Bengal,Rangalibazna,gznLerOUPl4LBSfzYrjV8A==
886,West Bengal,Rasampalayan,Z1p9fhhSncjF7tWUW60vOQ==
887,West Bengal,Sali Bamandanga,bW9KKO1cJbsXQS3ysYY/1Q==
888,West Bengal,Satbhaiya,MwSp8WF9gp2Mk1kJtmaM2g==
889,West Bengal,Sonapetya,h1qkeYaCFIEPMy7BXWRnaA==
890,West Bengal,Sulkhapara,hKQyh0JZq+MWkMrOt41mUg==
891,West Bengal,Surjapur,BxIaOvljpPncJxadep4q9A==
